offer_url,offer_id,page_idx,source
https://ogloszenia.trojmiasto.pl/nieruchomosci-sprzedam-rynek-wtorny/na-sprzedaz-wyjatkowe-mieszkanie-po-remoncie-ogl66280470.html,ogl66280470,1,trojmiasto
https://ogloszenia.trojmiasto.pl/nieruchomosci-sprzedam-rynek-wtorny/mieszkanie-dostepne-od-zaraz-sprzedaz-bez-posrednikow-ogl66270594.html,ogl66270594,1,trojmiasto
https://ogloszenia.trojmiasto.pl/nieruchomosci-sprzedam-rynek-wtorny/na-sprzedaz-mieszkanie-idealne-na-start-lub-pod-inwestycje-ogl66172956.html,ogl66172956,1,trojmiasto
https://ogloszenia.trojmiasto.pl/nieruchomosci-sprzedam-rynek-wtorny/na-sprzedaz-3-pokojowe-mieszkanie-w-gdansku-ul-n-ogl66261687.html,ogl66261687,1,trojmiasto
https://ogloszenia.trojmiasto.pl/nieruchomosci-sprzedam-rynek-wtorny/osiedle-zen-gdansk-orunia-kawalerka-na-sprzedaz-ogl66208353.html,ogl66208353,1,trojmiasto
https://ogloszenia.trojmiasto.pl/nieruchomosci-sprzedam-rynek-wtorny/na-sprzedaz-mieszkanie-inwestycyjne-ogl66270224.html,ogl66270224,1,trojmiasto
https://ogloszenia.trojmiasto.pl/nieruchomosci-sprzedam-rynek-wtorny/mieszkanie-w-tczewie-na-sprzedaz-ogl66270620.html,ogl66270620,1,trojmiasto
https://ogloszenia.trojmiasto.pl/nieruchomosci-sprzedam-rynek-wtorny/na-sprzedaz-3-pokoje-gdansk-kowale-ul-zeusa-ogl66252142.html,ogl66252142,1,trojmiasto
https://ogloszenia.trojmiasto.pl/nieruchomosci-sprzedam-rynek-wtorny/na-sprzedaz-przestronne-mieszkanie-w-sercu-gdanska-ogl66246475.html,ogl66246475,1,trojmiasto
https://ogloszenia.trojmiasto.pl/nieruchomosci-sprzedam-rynek-wtorny/mieszkanie-na-sprzedaz-81-m-3-pokoje-gdansk-ogl66279904.html,ogl66279904,1,trojmiasto
https://ogloszenia.trojmiasto.pl/nieruchomosci-sprzedam-rynek-wtorny/sprzedaz-lub-zamiana-na-pog-gorneparter-lub-winda-ogl66279597.html,ogl66279597,1,trojmiasto
https://ogloszenia.trojmiasto.pl/nieruchomosci-sprzedam-rynek-wtorny/dwupokojowe-mieszkanie-na-sprzedaz-blisko-centrum-ogl66278647.html,ogl66278647,1,trojmiasto
https://ogloszenia.trojmiasto.pl/nieruchomosci-sprzedam-rynek-wtorny/mieszkanie-2-pok-na-sprzedaz-gdansk-zabianka-z-ogl66266906.html,ogl66266906,1,trojmiasto
https://ogloszenia.trojmiasto.pl/nieruchomosci-sprzedam-rynek-wtorny/sloneczne-mieszkanie-sprzedaz-blisko-kolei-ogl66277506.html,ogl66277506,1,trojmiasto
https://ogloszenia.trojmiasto.pl/nieruchomosci-sprzedam-rynek-wtorny/mieszkanie-na-sprzedaz-sopot-nowe-budownictwo-ogl66277531.html,ogl66277531,1,trojmiasto
https://ogloszenia.trojmiasto.pl/nieruchomosci-sprzedam-rynek-wtorny/mieszkanie-55m2-na-sprzedaz-gdynia-leszczynki-ogl66276701.html,ogl66276701,1,trojmiasto
https://ogloszenia.trojmiasto.pl/nieruchomosci-sprzedam-rynek-wtorny/na-sprzedaz-apartament-sopot-inwestycja-ogl66276392.html,ogl66276392,1,trojmiasto
https://ogloszenia.trojmiasto.pl/nieruchomosci-sprzedam-rynek-wtorny/mieszkanie-na-sprzedaz-gdynia-dzialki-lesne-ogl66276119.html,ogl66276119,1,trojmiasto
https://ogloszenia.trojmiasto.pl/nieruchomosci-sprzedam-rynek-wtorny/mieszkanie-na-sprzedaz-po-generanym-remoncie-ogl66271015.html,ogl66271015,1,trojmiasto
https://ogloszenia.trojmiasto.pl/nieruchomosci-sprzedam-rynek-wtorny/na-sprzedaz-przestronne-mieszkanie-3-pokojowe-82-m-w-sercu-gdanska-ogl66274210.html,ogl66274210,1,trojmiasto
https://ogloszenia.trojmiasto.pl/nieruchomosci-sprzedam-rynek-pierwotny/na-sprzedaz-2-pokoje-z-ogrodkiem-ogl66273992.html,ogl66273992,1,trojmiasto
https://ogloszenia.trojmiasto.pl/nieruchomosci-sprzedam-rynek-wtorny/na-sprzedaz-4-pokoje-gdansk-morena-ogl66248815.html,ogl66248815,1,trojmiasto
https://ogloszenia.trojmiasto.pl/nieruchomosci-sprzedam-rynek-wtorny/na-sprzedaz-2-pokojowe-mieszkanie-portova-gdynia-ogl66272616.html,ogl66272616,1,trojmiasto
https://ogloszenia.trojmiasto.pl/nieruchomosci-sprzedam-rynek-wtorny/mieszkanie-na-sprzedaz-z-balkonem-ogl66272087.html,ogl66272087,1,trojmiasto
https://ogloszenia.trojmiasto.pl/nieruchomosci-sprzedam-rynek-wtorny/na-sprzedaz-3-pokoje-brzezno-400m-od-plazy-ogl66271157.html,ogl66271157,1,trojmiasto
https://ogloszenia.trojmiasto.pl/nieruchomosci-sprzedam-rynek-wtorny/przestronne-mieszkanie-z-ogrodem-i-garazem-ogl66271337.html,ogl66271337,1,trojmiasto
https://ogloszenia.trojmiasto.pl/nieruchomosci-sprzedam-rynek-wtorny/3-pokojowe-mieszkanie-na-sprzedaz-ogl66271271.html,ogl66271271,1,trojmiasto
https://ogloszenia.trojmiasto.pl/nieruchomosci-sprzedam-rynek-wtorny/mieszkanie-3-pokojowe-osiedle-alfa-park-sprzedaz-prywatna-ogl66195095.html,ogl66195095,1,trojmiasto
https://ogloszenia.trojmiasto.pl/nieruchomosci-sprzedam-rynek-wtorny/mieszkanie-sprzedaz-gdansk-zabianka-blisko-morza-ogl66270680.html,ogl66270680,1,trojmiasto
https://ogloszenia.trojmiasto.pl/nieruchomosci-sprzedam-rynek-wtorny/syndyk-oglasza-konkurs-na-sprzedaz-lokalu-mieszkalnego-ogl66269985.html,ogl66269985,1,trojmiasto
